{
    "O": {
        "precision": 0.9035846724351051,
        "recall": 0.9740173217854764,
        "f1-score": 0.9374799615261302,
        "support": 1501
    },
    "I": {
        "precision": 0.8311688311688312,
        "recall": 0.5517241379310345,
        "f1-score": 0.6632124352331606,
        "support": 348
    },
    "accuracy": 0.8945375878853434,
    "macro avg": {
        "precision": 0.8673767518019682,
        "recall": 0.7628707298582554,
        "f1-score": 0.8003461983796454,
        "support": 1849
    },
    "weighted avg": {
        "precision": 0.8899552983081914,
        "recall": 0.8945375878853434,
        "f1-score": 0.8858601134190704,
        "support": 1849
    }
}