{
    "O": {
        "precision": 0.9198854400495394,
        "recall": 0.9524725494910635,
        "f1-score": 0.9358954166010395,
        "support": 12477
    },
    "I": {
        "precision": 0.9191767752487393,
        "recall": 0.866949479367528,
        "f1-score": 0.8922995501455412,
        "support": 7779
    },
    "accuracy": 0.9196287519747235,
    "macro avg": {
        "precision": 0.9195311076491394,
        "recall": 0.9097110144292957,
        "f1-score": 0.9140974833732903,
        "support": 20256
    },
    "weighted avg": {
        "precision": 0.9196132884161752,
        "recall": 0.9196287519747235,
        "f1-score": 0.9191531059198922,
        "support": 20256
    }
}