{
    "O": {
        "precision": 0.9387296669248645,
        "recall": 0.9358301158301159,
        "f1-score": 0.9372776488785769,
        "support": 12950.0
    },
    "I": {
        "precision": 0.8919937613724981,
        "recall": 0.8966553436111837,
        "f1-score": 0.8943184779775867,
        "support": 7654.0
    },
    "accuracy": 0.9212774218598331,
    "macro avg": {
        "precision": 0.9153617141486813,
        "recall": 0.9162427297206498,
        "f1-score": 0.9157980634280818,
        "support": 20604.0
    },
    "weighted avg": {
        "precision": 0.9213681535731943,
        "recall": 0.9212774218598331,
        "f1-score": 0.9213191216956911,
        "support": 20604.0
    }
}