{
    "O": {
        "precision": 0.899366380916884,
        "recall": 0.8923816568047337,
        "f1-score": 0.8958604046779283,
        "support": 2704
    },
    "I": {
        "precision": 0.8536217303822937,
        "recall": 0.8627351296390442,
        "f1-score": 0.8581542351453855,
        "support": 1967
    },
    "accuracy": 0.8798972382787412,
    "macro avg": {
        "precision": 0.8764940556495888,
        "recall": 0.8775583932218889,
        "f1-score": 0.8770073199116568,
        "support": 4671
    },
    "weighted avg": {
        "precision": 0.8801028982361864,
        "recall": 0.8798972382787412,
        "f1-score": 0.879981998454312,
        "support": 4671
    }
}