{
    "O": {
        "precision": 0.9563994374120957,
        "recall": 0.9027723545490043,
        "f1-score": 0.9288124698698377,
        "support": 12805
    },
    "I": {
        "precision": 0.8530626696565561,
        "recall": 0.9320438426821406,
        "f1-score": 0.890806014296278,
        "support": 7755
    },
    "accuracy": 0.9138132295719844,
    "macro avg": {
        "precision": 0.9047310535343258,
        "recall": 0.9174080986155724,
        "f1-score": 0.9098092420830579,
        "support": 20560
    },
    "weighted avg": {
        "precision": 0.9174219746716186,
        "recall": 0.9138132295719844,
        "f1-score": 0.9144768636941103,
        "support": 20560
    }
}