{
    "O": {
        "precision": 0.9407894736842105,
        "recall": 0.9526982011992006,
        "f1-score": 0.9467063886130421,
        "support": 1501
    },
    "I": {
        "precision": 0.78419452887538,
        "recall": 0.7413793103448276,
        "f1-score": 0.7621861152141803,
        "support": 348
    },
    "accuracy": 0.9129259058950784,
    "macro avg": {
        "precision": 0.8624920012797952,
        "recall": 0.847038755772014,
        "f1-score": 0.8544462519136112,
        "support": 1849
    },
    "weighted avg": {
        "precision": 0.9113167636823322,
        "recall": 0.9129259058950784,
        "f1-score": 0.9119778568970855,
        "support": 1849
    }
}