{
    "O": {
        "precision": 0.9590872045639772,
        "recall": 0.9087258687258687,
        "f1-score": 0.9332275971451229,
        "support": 12950
    },
    "I": {
        "precision": 0.8581713462922966,
        "recall": 0.9344133786255553,
        "f1-score": 0.8946710032524393,
        "support": 7654
    },
    "accuracy": 0.9182682974179771,
    "macro avg": {
        "precision": 0.9086292754281369,
        "recall": 0.921569623675712,
        "f1-score": 0.9139493001987811,
        "support": 20604
    },
    "weighted avg": {
        "precision": 0.9215988537965804,
        "recall": 0.9182682974179771,
        "f1-score": 0.9189045448419488,
        "support": 20604
    }
}