{
    "O": {
        "precision": 0.9509689274974942,
        "recall": 0.9124789612887714,
        "f1-score": 0.9313264346190029,
        "support": 12477
    },
    "I": {
        "precision": 0.8681796233703525,
        "recall": 0.9245404293611004,
        "f1-score": 0.8954740708460436,
        "support": 7779
    },
    "accuracy": 0.9171109794628752,
    "macro avg": {
        "precision": 0.9095742754339233,
        "recall": 0.9185096953249359,
        "f1-score": 0.9134002527325232,
        "support": 20256
    },
    "weighted avg": {
        "precision": 0.9191749900564874,
        "recall": 0.9171109794628752,
        "f1-score": 0.9175578950361707,
        "support": 20256
    }
}