{
    "O": {
        "precision": 0.9533108325297333,
        "recall": 0.9051579429269037,
        "f1-score": 0.9286105675146771,
        "support": 13106
    },
    "I": {
        "precision": 0.8588622686499375,
        "recall": 0.9286678944137507,
        "f1-score": 0.8924020764511562,
        "support": 8145
    },
    "accuracy": 0.9141687450002353,
    "macro avg": {
        "precision": 0.9060865505898354,
        "recall": 0.9169129186703272,
        "f1-score": 0.9105063219829166,
        "support": 21251
    },
    "weighted avg": {
        "precision": 0.9171109570979448,
        "recall": 0.9141687450002353,
        "f1-score": 0.9147327189563798,
        "support": 21251
    }
}