{
    "O": {
        "precision": 0.9491498490386143,
        "recall": 0.9224710424710425,
        "f1-score": 0.9356203007518797,
        "support": 12950
    },
    "I": {
        "precision": 0.8747817410825642,
        "recall": 0.9163835902795924,
        "f1-score": 0.8950995405819294,
        "support": 7654
    },
    "accuracy": 0.9202096680256261,
    "macro avg": {
        "precision": 0.9119657950605893,
        "recall": 0.9194273163753175,
        "f1-score": 0.9153599206669045,
        "support": 20604
    },
    "weighted avg": {
        "precision": 0.9215234901619104,
        "recall": 0.9202096680256261,
        "f1-score": 0.9205675974738368,
        "support": 20604
    }
}