{
    "O": {
        "precision": 0.9572253395137025,
        "recall": 0.9089575289575289,
        "f1-score": 0.9324672238285737,
        "support": 12950
    },
    "I": {
        "precision": 0.8580715059588299,
        "recall": 0.93127776326104,
        "f1-score": 0.8931771192281186,
        "support": 7654
    },
    "accuracy": 0.9172490778489614,
    "macro avg": {
        "precision": 0.9076484227362662,
        "recall": 0.9201176461092844,
        "f1-score": 0.9128221715283462,
        "support": 20604
    },
    "weighted avg": {
        "precision": 0.9203915479184299,
        "recall": 0.9172490778489614,
        "f1-score": 0.917871686039218,
        "support": 20604
    }
}