{
    "O": {
        "precision": 0.9472949675724489,
        "recall": 0.9248216718762523,
        "f1-score": 0.935923432557385,
        "support": 12477
    },
    "I": {
        "precision": 0.8838390092879257,
        "recall": 0.9174701118395681,
        "f1-score": 0.9003406080484421,
        "support": 7779
    },
    "accuracy": 0.9219984202211691,
    "macro avg": {
        "precision": 0.9155669884301874,
        "recall": 0.9211458918579102,
        "f1-score": 0.9181320203029135,
        "support": 20256
    },
    "weighted avg": {
        "precision": 0.9229256992324357,
        "recall": 0.9219984202211691,
        "f1-score": 0.9222584053133552,
        "support": 20256
    }
}