{
    "O": {
        "precision": 0.9486997635933806,
        "recall": 0.9185869067602624,
        "f1-score": 0.9334005272135214,
        "support": 13106
    },
    "I": {
        "precision": 0.8753650274500643,
        "recall": 0.920073664825046,
        "f1-score": 0.8971626960373519,
        "support": 8145
    },
    "accuracy": 0.9191567455649146,
    "macro avg": {
        "precision": 0.9120323955217224,
        "recall": 0.9193302857926542,
        "f1-score": 0.9152816116254366,
        "support": 21251
    },
    "weighted avg": {
        "precision": 0.9205923133139908,
        "recall": 0.9191567455649146,
        "f1-score": 0.9195114332918283,
        "support": 21251
    }
}