{
    "O": {
        "precision": 0.9508169664961215,
        "recall": 0.9234591648633486,
        "f1-score": 0.9369384021142508,
        "support": 12477
    },
    "I": {
        "precision": 0.882649299582207,
        "recall": 0.9233834683121224,
        "f1-score": 0.902557014512785,
        "support": 7779
    },
    "accuracy": 0.9234300947867299,
    "macro avg": {
        "precision": 0.9167331330391641,
        "recall": 0.9234213165877354,
        "f1-score": 0.9197477083135179,
        "support": 20256
    },
    "weighted avg": {
        "precision": 0.9246382401472203,
        "recall": 0.9234300947867299,
        "f1-score": 0.9237347679242922,
        "support": 20256
    }
}