{
    "O": {
        "precision": 0.9593047203229261,
        "recall": 0.909410386567747,
        "f1-score": 0.9336914688903143,
        "support": 12805
    },
    "I": {
        "precision": 0.8622491390571191,
        "recall": 0.9362991618310768,
        "f1-score": 0.8977497527200791,
        "support": 7755
    },
    "accuracy": 0.9195525291828793,
    "macro avg": {
        "precision": 0.9107769296900226,
        "recall": 0.9228547741994119,
        "f1-score": 0.9157206108051967,
        "support": 20560
    },
    "weighted avg": {
        "precision": 0.9226964502491747,
        "recall": 0.9195525291828793,
        "f1-score": 0.9201346591189051,
        "support": 20560
    }
}