{
    "O": {
        "precision": 0.9593265544257377,
        "recall": 0.8983064075548272,
        "f1-score": 0.9278142759260006,
        "support": 12813
    },
    "I": {
        "precision": 0.8477270071286666,
        "recall": 0.9369671919400672,
        "f1-score": 0.8901159580342353,
        "support": 7742
    },
    "accuracy": 0.9128679153490635,
    "macro avg": {
        "precision": 0.903526780777202,
        "recall": 0.9176367997474472,
        "f1-score": 0.908965116980118,
        "support": 20555
    },
    "weighted avg": {
        "precision": 0.9172928061808374,
        "recall": 0.9128679153490635,
        "f1-score": 0.9136152792284551,
        "support": 20555
    }
}