{
    "O": {
        "precision": 0.8796042178246425,
        "recall": 0.9761160535385108,
        "f1-score": 0.9253504539756107,
        "support": 12477
    },
    "I": {
        "precision": 0.9535101404056162,
        "recall": 0.7857051034837382,
        "f1-score": 0.8615124392134752,
        "support": 7779
    },
    "accuracy": 0.9029917061611374,
    "macro avg": {
        "precision": 0.9165571791151294,
        "recall": 0.8809105785111245,
        "f1-score": 0.893431446594543,
        "support": 20256
    },
    "weighted avg": {
        "precision": 0.9079866315172469,
        "recall": 0.9029917061611374,
        "f1-score": 0.9008344628206614,
        "support": 20256
    }
}