{
    "O": {
        "precision": 0.9379399627801602,
        "recall": 0.9290694878576581,
        "f1-score": 0.9334836527621195,
        "support": 12477.0
    },
    "I": {
        "precision": 0.8879321261238445,
        "recall": 0.90140120838154,
        "f1-score": 0.894615973462618,
        "support": 7779.0
    },
    "accuracy": 0.9184439178515008,
    "macro avg": {
        "precision": 0.9129360444520024,
        "recall": 0.9152353481195991,
        "f1-score": 0.9140498131123688,
        "support": 20256.0
    },
    "weighted avg": {
        "precision": 0.9187352352253872,
        "recall": 0.9184439178515008,
        "f1-score": 0.918557128410282,
        "support": 20256.0
    }
}