{
    "O": {
        "precision": 0.9423262548262549,
        "recall": 0.9389276268333734,
        "f1-score": 0.9406238708900397,
        "support": 12477
    },
    "I": {
        "precision": 0.9026073619631901,
        "recall": 0.9078287697647512,
        "f1-score": 0.9052105364353009,
        "support": 7779
    },
    "accuracy": 0.9269845971563981,
    "macro avg": {
        "precision": 0.9224668083947225,
        "recall": 0.9233781982990623,
        "f1-score": 0.9229172036626703,
        "support": 20256
    },
    "weighted avg": {
        "precision": 0.9270728352181495,
        "recall": 0.9269845971563981,
        "f1-score": 0.9270239336505348,
        "support": 20256
    }
}