{
    "O": {
        "precision": 0.9206653870761357,
        "recall": 0.9586942038640907,
        "f1-score": 0.939295039164491,
        "support": 1501
    },
    "I": {
        "precision": 0.7832167832167832,
        "recall": 0.6436781609195402,
        "f1-score": 0.7066246056782334,
        "support": 348
    },
    "accuracy": 0.8994050838290968,
    "macro avg": {
        "precision": 0.8519410851464595,
        "recall": 0.8011861823918154,
        "f1-score": 0.8229598224213621,
        "support": 1849
    },
    "weighted avg": {
        "precision": 0.8947962069014171,
        "recall": 0.8994050838290968,
        "f1-score": 0.8955041733704306,
        "support": 1849
    }
}