{
    "O": {
        "precision": 0.9332748024582967,
        "recall": 0.9125887770233356,
        "f1-score": 0.9228158787783126,
        "support": 12813
    },
    "I": {
        "precision": 0.8604535260403688,
        "recall": 0.892017566520279,
        "f1-score": 0.875951293759513,
        "support": 7742
    },
    "accuracy": 0.9048406713694964,
    "macro avg": {
        "precision": 0.8968641642493328,
        "recall": 0.9023031717718073,
        "f1-score": 0.8993835862689128,
        "support": 20555
    },
    "weighted avg": {
        "precision": 0.9058468130626461,
        "recall": 0.9048406713694964,
        "f1-score": 0.905164425739366,
        "support": 20555
    }
}