{
    "O": {
        "precision": 0.9368688941794598,
        "recall": 0.890657925544369,
        "f1-score": 0.9131791629991198,
        "support": 12813
    },
    "I": {
        "precision": 0.8326964413661333,
        "recall": 0.900671661069491,
        "f1-score": 0.8653512037726482,
        "support": 7742
    },
    "accuracy": 0.8944295791778156,
    "macro avg": {
        "precision": 0.8847826677727966,
        "recall": 0.8956647933069299,
        "f1-score": 0.889265183385884,
        "support": 20555
    },
    "weighted avg": {
        "precision": 0.8976325463477511,
        "recall": 0.8944295791778156,
        "f1-score": 0.8951648569747296,
        "support": 20555
    }
}