{
    "O": {
        "precision": 0.9339944466481555,
        "recall": 0.9188324358073832,
        "f1-score": 0.9263514045164843,
        "support": 12813.0
    },
    "I": {
        "precision": 0.869182389937107,
        "recall": 0.892534228881426,
        "f1-score": 0.8807035432067295,
        "support": 7742.0
    },
    "accuracy": 0.9089272683045487,
    "macro avg": {
        "precision": 0.9015884182926313,
        "recall": 0.9056833323444046,
        "f1-score": 0.9035274738616069,
        "support": 20555.0
    },
    "weighted avg": {
        "precision": 0.909583113976935,
        "recall": 0.9089272683045487,
        "f1-score": 0.9091582280504117,
        "support": 20555.0
    }
}