{
    "O": {
        "precision": 0.9598591549295775,
        "recall": 0.9080612924716855,
        "f1-score": 0.9332420403971243,
        "support": 1501
    },
    "I": {
        "precision": 0.6783216783216783,
        "recall": 0.8362068965517241,
        "f1-score": 0.749034749034749,
        "support": 348
    },
    "accuracy": 0.8945375878853434,
    "macro avg": {
        "precision": 0.8190904166256279,
        "recall": 0.8721340945117049,
        "f1-score": 0.8411383947159367,
        "support": 1849
    },
    "weighted avg": {
        "precision": 0.9068710306139751,
        "recall": 0.8945375878853434,
        "f1-score": 0.898572414981166,
        "support": 1849
    }
}