{
    "O": {
        "precision": 0.9312252964426877,
        "recall": 0.871301775147929,
        "f1-score": 0.9002674818494459,
        "support": 2704
    },
    "I": {
        "precision": 0.8374591312470808,
        "recall": 0.9115404168784952,
        "f1-score": 0.8729308666017527,
        "support": 1967
    },
    "accuracy": 0.8882466281310212,
    "macro avg": {
        "precision": 0.8843422138448842,
        "recall": 0.8914210960132121,
        "f1-score": 0.8865991742255993,
        "support": 4671
    },
    "weighted avg": {
        "precision": 0.8917395231736321,
        "recall": 0.8882466281310212,
        "f1-score": 0.8887557879525902,
        "support": 4671
    }
}