{
    "O": {
        "precision": 0.9606292658565008,
        "recall": 0.9012885591565795,
        "f1-score": 0.9300132962649584,
        "support": 12805
    },
    "I": {
        "precision": 0.8520945471565645,
        "recall": 0.9390070921985816,
        "f1-score": 0.8934421201153304,
        "support": 7755
    },
    "accuracy": 0.9155155642023346,
    "macro avg": {
        "precision": 0.9063619065065327,
        "recall": 0.9201478256775806,
        "f1-score": 0.9117277081901445,
        "support": 20560
    },
    "weighted avg": {
        "precision": 0.9196911946737184,
        "recall": 0.9155155642023346,
        "f1-score": 0.9162190612921781,
        "support": 20560
    }
}