{
    "O": {
        "precision": 0.9539494723377039,
        "recall": 0.9104227071570273,
        "f1-score": 0.9316779885999844,
        "support": 13106
    },
    "I": {
        "precision": 0.8657211483472492,
        "recall": 0.9292817679558011,
        "f1-score": 0.8963761250592137,
        "support": 8145
    },
    "accuracy": 0.9176509340736907,
    "macro avg": {
        "precision": 0.9098353103424766,
        "recall": 0.9198522375564142,
        "f1-score": 0.9140270568295991,
        "support": 21251
    },
    "weighted avg": {
        "precision": 0.9201336660743632,
        "recall": 0.9176509340736907,
        "f1-score": 0.9181476286856474,
        "support": 21251
    }
}