{
    "O": {
        "precision": 0.8928035982008995,
        "recall": 0.8809171597633136,
        "f1-score": 0.8868205510052122,
        "support": 2704
    },
    "I": {
        "precision": 0.8392411382925612,
        "recall": 0.8546009150991357,
        "f1-score": 0.8468513853904281,
        "support": 1967
    },
    "accuracy": 0.8698351530721473,
    "macro avg": {
        "precision": 0.8660223682467303,
        "recall": 0.8677590374312247,
        "f1-score": 0.8668359681978202,
        "support": 4671
    },
    "weighted avg": {
        "precision": 0.8702479658652751,
        "recall": 0.8698351530721473,
        "f1-score": 0.8699891768317418,
        "support": 4671
    }
}