{
    "O": {
        "precision": 0.9540050832171846,
        "recall": 0.9081401701397018,
        "f1-score": 0.9305077968812474,
        "support": 12813
    },
    "I": {
        "precision": 0.8591768365637712,
        "recall": 0.9275381038491346,
        "f1-score": 0.8920496894409937,
        "support": 7742
    },
    "accuracy": 0.9154463634152274,
    "macro avg": {
        "precision": 0.9065909598904779,
        "recall": 0.9178391369944182,
        "f1-score": 0.9112787431611206,
        "support": 20555
    },
    "weighted avg": {
        "precision": 0.9182882121108491,
        "recall": 0.9154463634152274,
        "f1-score": 0.9160226269565359,
        "support": 20555
    }
}