{
    "O": {
        "precision": 0.9511919191919191,
        "recall": 0.9089575289575289,
        "f1-score": 0.9295952615992101,
        "support": 12950
    },
    "I": {
        "precision": 0.8567262121764492,
        "recall": 0.9210870133263653,
        "f1-score": 0.8877416105269785,
        "support": 7654
    },
    "accuracy": 0.9134634051640458,
    "macro avg": {
        "precision": 0.9039590656841842,
        "recall": 0.9150222711419471,
        "f1-score": 0.9086684360630943,
        "support": 20604
    },
    "weighted avg": {
        "precision": 0.9160996787776108,
        "recall": 0.9134634051640458,
        "f1-score": 0.9140474143216493,
        "support": 20604
    }
}