{
    "O": {
        "precision": 0.9690869877785766,
        "recall": 0.8980679546968687,
        "f1-score": 0.9322268326417703,
        "support": 1501
    },
    "I": {
        "precision": 0.665938864628821,
        "recall": 0.8764367816091954,
        "f1-score": 0.7568238213399504,
        "support": 348
    },
    "accuracy": 0.8939967550027041,
    "macro avg": {
        "precision": 0.8175129262036989,
        "recall": 0.887252368153032,
        "f1-score": 0.8445253269908604,
        "support": 1849
    },
    "weighted avg": {
        "precision": 0.9120315270667784,
        "recall": 0.8939967550027041,
        "f1-score": 0.8992142593951324,
        "support": 1849
    }
}