{
    "O": {
        "precision": 0.9553534857049234,
        "recall": 0.9107379929714955,
        "f1-score": 0.9325123940508555,
        "support": 12805
    },
    "I": {
        "precision": 0.8631629354722854,
        "recall": 0.9297227595099935,
        "f1-score": 0.895207350384902,
        "support": 7755
    },
    "accuracy": 0.9178988326848249,
    "macro avg": {
        "precision": 0.9092582105886045,
        "recall": 0.9202303762407444,
        "f1-score": 0.9138598722178788,
        "support": 20560
    },
    "weighted avg": {
        "precision": 0.9205802504396458,
        "recall": 0.9178988326848249,
        "f1-score": 0.9184413525319124,
        "support": 20560
    }
}