{
    "O": {
        "precision": 0.9513975284067346,
        "recall": 0.895262623897604,
        "f1-score": 0.9224768797748292,
        "support": 12813
    },
    "I": {
        "precision": 0.8420804895269475,
        "recall": 0.924308964091966,
        "f1-score": 0.88128078817734,
        "support": 7742
    },
    "accuracy": 0.9062028703478472,
    "macro avg": {
        "precision": 0.896739008966841,
        "recall": 0.909785793994785,
        "f1-score": 0.9018788339760846,
        "support": 20555
    },
    "weighted avg": {
        "precision": 0.9102234824321633,
        "recall": 0.9062028703478472,
        "f1-score": 0.9069604535453103,
        "support": 20555
    }
}