{
    "O": {
        "precision": 0.9474549725920125,
        "recall": 0.9231649626125439,
        "f1-score": 0.9351522646467768,
        "support": 13106
    },
    "I": {
        "precision": 0.88126400188657,
        "recall": 0.9176181706568447,
        "f1-score": 0.8990737399254182,
        "support": 8145
    },
    "accuracy": 0.9210390099289445,
    "macro avg": {
        "precision": 0.9143594872392913,
        "recall": 0.9203915666346942,
        "f1-score": 0.9171130022860975,
        "support": 21251
    },
    "weighted avg": {
        "precision": 0.9220855567341314,
        "recall": 0.9210390099289445,
        "f1-score": 0.9213242290787816,
        "support": 21251
    }
}