{
    "O": {
        "precision": 0.9410270656401302,
        "recall": 0.9258883248730965,
        "f1-score": 0.9333963155408597,
        "support": 12805.0
    },
    "I": {
        "precision": 0.8807938701168195,
        "recall": 0.9041908446163766,
        "f1-score": 0.8923390175617205,
        "support": 7755.0
    },
    "accuracy": 0.917704280155642,
    "macro avg": {
        "precision": 0.9109104678784748,
        "recall": 0.9150395847447366,
        "f1-score": 0.91286766655129,
        "support": 20560.0
    },
    "weighted avg": {
        "precision": 0.9183077839629281,
        "recall": 0.917704280155642,
        "f1-score": 0.9179099660355958,
        "support": 20560.0
    }
}