{
    "O": {
        "precision": 0.9557273366127899,
        "recall": 0.9060626249167222,
        "f1-score": 0.9302325581395349,
        "support": 1501
    },
    "I": {
        "precision": 0.6690140845070423,
        "recall": 0.8189655172413793,
        "f1-score": 0.7364341085271319,
        "support": 348
    },
    "accuracy": 0.8896700919415901,
    "macro avg": {
        "precision": 0.812370710559916,
        "recall": 0.8625140710790508,
        "f1-score": 0.8333333333333334,
        "support": 1849
    },
    "weighted avg": {
        "precision": 0.901765080402514,
        "recall": 0.8896700919415901,
        "f1-score": 0.8937577823336309,
        "support": 1849
    }
}