{
    "O": {
        "precision": 0.9504072831816004,
        "recall": 0.918996138996139,
        "f1-score": 0.9344378140703516,
        "support": 12950
    },
    "I": {
        "precision": 0.8702053947042812,
        "recall": 0.9188659524431669,
        "f1-score": 0.8938739196746315,
        "support": 7654
    },
    "accuracy": 0.9189477771306542,
    "macro avg": {
        "precision": 0.9103063389429408,
        "recall": 0.9189310457196529,
        "f1-score": 0.9141558668724916,
        "support": 20604
    },
    "weighted avg": {
        "precision": 0.9206137841326099,
        "recall": 0.9189477771306542,
        "f1-score": 0.9193690872355214,
        "support": 20604
    }
}