{
    "O": {
        "precision": 0.9466721785861927,
        "recall": 0.8468934911242604,
        "f1-score": 0.8940074175287918,
        "support": 2704
    },
    "I": {
        "precision": 0.8161634103019538,
        "recall": 0.9344178952719878,
        "f1-score": 0.8712965157620289,
        "support": 1967
    },
    "accuracy": 0.8837508028259473,
    "macro avg": {
        "precision": 0.8814177944440733,
        "recall": 0.8906556931981241,
        "f1-score": 0.8826519666454103,
        "support": 4671
    },
    "weighted avg": {
        "precision": 0.8917137655664757,
        "recall": 0.8837508028259473,
        "f1-score": 0.884443653072525,
        "support": 4671
    }
}