{
    "O": {
        "precision": 0.9368872549019608,
        "recall": 0.9333129864184343,
        "f1-score": 0.9350967051448666,
        "support": 13106.0
    },
    "I": {
        "precision": 0.8933496034167175,
        "recall": 0.8988336402701044,
        "f1-score": 0.8960832313341494,
        "support": 8145.0
    },
    "accuracy": 0.9200978777469295,
    "macro avg": {
        "precision": 0.9151184291593392,
        "recall": 0.9160733133442693,
        "f1-score": 0.915589968239508,
        "support": 21251.0
    },
    "weighted avg": {
        "precision": 0.9202003144592849,
        "recall": 0.9200978777469295,
        "f1-score": 0.920143773791599,
        "support": 21251.0
    }
}