{
    "O": {
        "precision": 0.9447838345864662,
        "recall": 0.920418129101175,
        "f1-score": 0.9324418335008117,
        "support": 13106
    },
    "I": {
        "precision": 0.8770482140752093,
        "recall": 0.9134438305709024,
        "f1-score": 0.8948761125811884,
        "support": 8145
    },
    "accuracy": 0.9177450472918921,
    "macro avg": {
        "precision": 0.9109160243308377,
        "recall": 0.9169309798360388,
        "f1-score": 0.9136589730410001,
        "support": 21251
    },
    "weighted avg": {
        "precision": 0.9188223914043011,
        "recall": 0.9177450472918921,
        "f1-score": 0.9180437912020807,
        "support": 21251
    }
}