{
    "O": {
        "precision": 0.9528403001071811,
        "recall": 0.901974557090455,
        "f1-score": 0.926709967123727,
        "support": 12813
    },
    "I": {
        "precision": 0.8509375741751721,
        "recall": 0.9261172823559803,
        "f1-score": 0.8869371598218704,
        "support": 7742
    },
    "accuracy": 0.9110678666991,
    "macro avg": {
        "precision": 0.9018889371411767,
        "recall": 0.9140459197232177,
        "f1-score": 0.9068235634727987,
        "support": 20555
    },
    "weighted avg": {
        "precision": 0.9144588404056189,
        "recall": 0.9110678666991,
        "f1-score": 0.9117296181025168,
        "support": 20555
    }
}