{
    "O": {
        "precision": 0.9635381498987171,
        "recall": 0.9506995336442372,
        "f1-score": 0.9570757880617036,
        "support": 1501
    },
    "I": {
        "precision": 0.7989130434782609,
        "recall": 0.8448275862068966,
        "f1-score": 0.8212290502793296,
        "support": 348
    },
    "accuracy": 0.9307733910221742,
    "macro avg": {
        "precision": 0.881225596688489,
        "recall": 0.8977635599255669,
        "f1-score": 0.8891524191705166,
        "support": 1849
    },
    "weighted avg": {
        "precision": 0.9325540844393775,
        "recall": 0.9307733910221742,
        "f1-score": 0.9315080948500939,
        "support": 1849
    }
}