{
    "O": {
        "precision": 0.8584131326949385,
        "recall": 0.9282544378698225,
        "f1-score": 0.8919687277896233,
        "support": 2704
    },
    "I": {
        "precision": 0.8889524899828277,
        "recall": 0.7895271987798678,
        "f1-score": 0.8362950996230478,
        "support": 1967
    },
    "accuracy": 0.8698351530721473,
    "macro avg": {
        "precision": 0.873682811338883,
        "recall": 0.8588908183248452,
        "f1-score": 0.8641319137063356,
        "support": 4671
    },
    "weighted avg": {
        "precision": 0.8712735299942915,
        "recall": 0.8698351530721473,
        "f1-score": 0.8685240635627653,
        "support": 4671
    }
}