{
    "O": {
        "precision": 0.9100601629731171,
        "recall": 0.957762282599984,
        "f1-score": 0.9333020930959076,
        "support": 12477
    },
    "I": {
        "precision": 0.9260350877192982,
        "recall": 0.8481810001285512,
        "f1-score": 0.8853998926462695,
        "support": 7779
    },
    "accuracy": 0.9156793048973144,
    "macro avg": {
        "precision": 0.9180476253462077,
        "recall": 0.9029716413642677,
        "f1-score": 0.9093509928710886,
        "support": 20256
    },
    "weighted avg": {
        "precision": 0.9161950829770933,
        "recall": 0.9156793048973144,
        "f1-score": 0.9149060021945581,
        "support": 20256
    }
}