{
    "O": {
        "precision": 0.8391014391014391,
        "recall": 0.9580027250140258,
        "f1-score": 0.8946186662674951,
        "support": 12477
    },
    "I": {
        "precision": 0.9128264847779072,
        "recall": 0.7053605861935981,
        "f1-score": 0.7957940536620738,
        "support": 7779
    },
    "accuracy": 0.8609794628751974,
    "macro avg": {
        "precision": 0.8759639619396731,
        "recall": 0.831681655603812,
        "f1-score": 0.8452063599647844,
        "support": 20256
    },
    "weighted avg": {
        "precision": 0.8674143898477485,
        "recall": 0.8609794628751974,
        "f1-score": 0.8566666193945897,
        "support": 20256
    }
}