{
    "O": {
        "precision": 0.9345189975747777,
        "recall": 0.8550295857988166,
        "f1-score": 0.8930088837388954,
        "support": 2704
    },
    "I": {
        "precision": 0.8215748748293127,
        "recall": 0.9176410777834265,
        "f1-score": 0.866954851104707,
        "support": 1967
    },
    "accuracy": 0.8813958467137658,
    "macro avg": {
        "precision": 0.8780469362020452,
        "recall": 0.8863353317911216,
        "f1-score": 0.8799818674218012,
        "support": 4671
    },
    "weighted avg": {
        "precision": 0.8869572143505582,
        "recall": 0.8813958467137658,
        "f1-score": 0.882037296885663,
        "support": 4671
    }
}