{
    "O": {
        "precision": 0.9602549052490357,
        "recall": 0.8943381491604842,
        "f1-score": 0.9261251061420888,
        "support": 12805
    },
    "I": {
        "precision": 0.8432939541348159,
        "recall": 0.9388781431334623,
        "f1-score": 0.8885227896760022,
        "support": 7755
    },
    "accuracy": 0.9111381322957198,
    "macro avg": {
        "precision": 0.9017744296919258,
        "recall": 0.9166081461469733,
        "f1-score": 0.9073239479090455,
        "support": 20560
    },
    "weighted avg": {
        "precision": 0.9161385542815855,
        "recall": 0.9111381322957198,
        "f1-score": 0.9119419366773758,
        "support": 20560
    }
}